[
  {
    "value": "calabresa",
    "synonyms": [
      "calabresa"
    ]
  },
  {
    "value": "chocolate",
    "synonyms": [
      "chocolate"
    ]
  },
  {
    "value": "frango cattupiry",
    "synonyms": [
      "frango"
    ]
  },
  {
    "value": "mussarela",
    "synonyms": [
      "mussarela",
      "queijo"
    ]
  },
  {
    "value": "champignom",
    "synonyms": [
      "champignom"
    ]
  },
  {
    "value": "chocolate branco",
    "synonyms": [
      "chocolate branco"
    ]
  }
]