[
  {
    "value": "G",
    "synonyms": [
      "G",
      "Grande",
      "a maior",
      "pra 3 pessoas",
      "tamanho família",
      "pra família toda",
      "uma que dê pra todos da casa comer"
    ]
  },
  {
    "value": "M",
    "synonyms": [
      "M",
      "Média",
      "do meio",
      "nem tão grande nem tão pequena",
      "mediana"
    ]
  },
  {
    "value": "P",
    "synonyms": [
      "P",
      "Pequena",
      "só pra mim",
      "pra mim e minha esposa",
      "pra mim e meu filho",
      "pra mim e mais um",
      "só tem eu e uma outra pessoa",
      "pra 2 pessoas",
      "a menor"
    ]
  }
]