[
  {
    "id": "a654d22b-4a19-43ee-b274-53881a42e770",
    "data": [
      {
        "text": "pode fechar",
        "userDefined": false
      }
    ],
    "isTemplate": false,
    "count": 0,
    "lang": "pt-br",
    "updated": 0
  },
  {
    "id": "ff336eb3-92c3-4ffb-b51f-750adce6f676",
    "data": [
      {
        "text": "quero fechar",
        "userDefined": false
      }
    ],
    "isTemplate": false,
    "count": 0,
    "lang": "pt-br",
    "updated": 0
  },
  {
    "id": "8391710c-0dd0-4b3e-8490-87fad3003701",
    "data": [
      {
        "text": "sim",
        "userDefined": false
      }
    ],
    "isTemplate": false,
    "count": 0,
    "lang": "pt-br",
    "updated": 0
  },
  {
    "id": "8433df04-ab9d-400e-b217-08d553c796be",
    "data": [
      {
        "text": "quero fechar o pedido",
        "userDefined": false
      }
    ],
    "isTemplate": false,
    "count": 0,
    "lang": "pt-br",
    "updated": 0
  }
]