[
  {
    "id": "9ad730be-5ca0-4be8-a350-c262d710330b",
    "data": [
      {
        "text": "G",
        "meta": "@Tamanhos",
        "alias": "tamanho",
        "userDefined": false
      }
    ],
    "isTemplate": false,
    "count": 1,
    "lang": "pt-br",
    "updated": 0
  },
  {
    "id": "f0c05e0b-73f9-4440-ac36-5fac484851f8",
    "data": [
      {
        "text": "pequena",
        "meta": "@Tamanhos",
        "alias": "tamanho",
        "userDefined": false
      }
    ],
    "isTemplate": false,
    "count": 0,
    "lang": "pt-br",
    "updated": 0
  }
]