[
  {
    "id": "91b6dfdf-488c-4892-91ac-631a0c8c9894",
    "data": [
      {
        "text": "queria pedir ",
        "userDefined": false
      },
      {
        "text": "uma",
        "meta": "@sys.number",
        "alias": "number",
        "userDefined": false
      },
      {
        "text": " redondinha",
        "userDefined": false
      }
    ],
    "isTemplate": false,
    "count": 0,
    "lang": "pt-br",
    "updated": 0
  },
  {
    "id": "b0a0258b-84ac-4d81-93f7-a18f7d038746",
    "data": [
      {
        "text": "quero pedir já",
        "userDefined": false
      }
    ],
    "isTemplate": false,
    "count": 0,
    "lang": "pt-br",
    "updated": 0
  },
  {
    "id": "17d58144-cf1a-4261-bf0b-755af97ab18e",
    "data": [
      {
        "text": "to com",
        "meta": "@sys.ignore",
        "userDefined": false
      },
      {
        "text": " fome",
        "userDefined": false
      }
    ],
    "isTemplate": false,
    "count": 0,
    "lang": "pt-br",
    "updated": 0
  },
  {
    "id": "062a36d6-27d3-4b40-99c7-944e876d4489",
    "data": [
      {
        "text": "quero pedir pizza",
        "userDefined": false
      }
    ],
    "isTemplate": false,
    "count": 0,
    "lang": "pt-br",
    "updated": 0
  },
  {
    "id": "2882c27d-93f9-40f5-a863-614c52e7557f",
    "data": [
      {
        "text": "queria ",
        "userDefined": false
      },
      {
        "text": "uma",
        "meta": "@sys.number",
        "alias": "number",
        "userDefined": false
      },
      {
        "text": " pizza",
        "userDefined": false
      }
    ],
    "isTemplate": false,
    "count": 0,
    "lang": "pt-br",
    "updated": 0
  },
  {
    "id": "178ca304-2c43-47ad-8418-1f1cf4e090ad",
    "data": [
      {
        "text": "quero pedir ",
        "userDefined": false
      },
      {
        "text": "uma",
        "meta": "@sys.number",
        "alias": "number",
        "userDefined": false
      },
      {
        "text": " pizza",
        "userDefined": false
      }
    ],
    "isTemplate": false,
    "count": 0,
    "lang": "pt-br",
    "updated": 0
  }
]