[
  {
    "id": "7f888e6f-4e4d-46d3-901e-3e28fda9fc19",
    "data": [
      {
        "text": "qual o custo dessa ",
        "userDefined": false
      },
      {
        "text": "pizza",
        "meta": "@sys.ignore",
        "userDefined": false
      },
      {
        "text": "?",
        "userDefined": false
      }
    ],
    "isTemplate": false,
    "count": 0,
    "lang": "pt-br",
    "updated": 0
  },
  {
    "id": "dd150b5b-c7c3-4135-96ff-3a85e5c2a534",
    "data": [
      {
        "text": "espero que isso não me custe nada",
        "userDefined": false
      }
    ],
    "isTemplate": false,
    "count": 0,
    "lang": "pt-br",
    "updated": 0
  },
  {
    "id": "2590cd17-ec66-4e0a-8025-d933e713830b",
    "data": [
      {
        "text": "eu vou ter que pagar isso?",
        "userDefined": false
      }
    ],
    "isTemplate": false,
    "count": 0,
    "lang": "pt-br",
    "updated": 0
  },
  {
    "id": "68de9ad0-9772-4529-8eff-5c110b6ea60c",
    "data": [
      {
        "text": "queria saber o valor da ",
        "userDefined": false
      },
      {
        "text": "pizza",
        "meta": "@sys.ignore",
        "userDefined": false
      }
    ],
    "isTemplate": false,
    "count": 0,
    "lang": "pt-br",
    "updated": 0
  },
  {
    "id": "7ba47159-b2ae-4eee-a812-91f8f3101ed9",
    "data": [
      {
        "text": "quanto custa isso?",
        "userDefined": false
      }
    ],
    "isTemplate": false,
    "count": 0,
    "lang": "pt-br",
    "updated": 0
  },
  {
    "id": "1f82e7a8-e61c-4054-9719-119e5ff5ced8",
    "data": [
      {
        "text": "cara, que valor ficou todo meu pedido?",
        "userDefined": false
      }
    ],
    "isTemplate": false,
    "count": 0,
    "lang": "pt-br",
    "updated": 0
  },
  {
    "id": "cfd98453-a643-4d03-8c74-fb13be84b6ed",
    "data": [
      {
        "text": "quanto vai ",
        "userDefined": false
      },
      {
        "text": "me",
        "meta": "@sys.ignore",
        "userDefined": false
      },
      {
        "text": " custar tudo isso?",
        "userDefined": false
      }
    ],
    "isTemplate": false,
    "count": 0,
    "lang": "pt-br",
    "updated": 0
  },
  {
    "id": "9211665e-94ef-4cd8-b401-79652f92a2c5",
    "data": [
      {
        "text": "quanto ficou meu pedido?",
        "userDefined": false
      }
    ],
    "isTemplate": false,
    "count": 0,
    "lang": "pt-br",
    "updated": 0
  },
  {
    "id": "916959af-c666-4c55-b321-40ae3a888454",
    "data": [
      {
        "text": "qual o valor da ",
        "userDefined": false
      },
      {
        "text": "pizza",
        "meta": "@sys.ignore",
        "userDefined": false
      },
      {
        "text": "?",
        "userDefined": false
      }
    ],
    "isTemplate": false,
    "count": 0,
    "lang": "pt-br",
    "updated": 0
  },
  {
    "id": "62dec478-2b0b-4b07-bf0b-309f44c3b962",
    "data": [
      {
        "text": "quanto ficou tudo isso?",
        "userDefined": false
      }
    ],
    "isTemplate": false,
    "count": 0,
    "lang": "pt-br",
    "updated": 0
  },
  {
    "id": "d65dac17-7230-41c0-9ecf-93274c0ac287",
    "data": [
      {
        "text": "quanto ficou?",
        "userDefined": false
      }
    ],
    "isTemplate": false,
    "count": 0,
    "lang": "pt-br",
    "updated": 0
  }
]