[
  {
    "id": "b1140a25-85e7-45e0-898c-652796521b24",
    "data": [
      {
        "text": "qual tem?",
        "userDefined": false
      }
    ],
    "isTemplate": false,
    "count": 0,
    "lang": "pt-br",
    "updated": 0
  },
  {
    "id": "820462ed-6211-4e32-9723-3903bd711534",
    "data": [
      {
        "text": "com quais tamanhos você trabalha?",
        "userDefined": false
      }
    ],
    "isTemplate": false,
    "count": 0,
    "lang": "pt-br",
    "updated": 0
  },
  {
    "id": "f85a4be8-0602-49e2-9925-0217fa61a00c",
    "data": [
      {
        "text": "quais você tem?",
        "userDefined": false
      }
    ],
    "isTemplate": false,
    "count": 0,
    "lang": "pt-br",
    "updated": 0
  },
  {
    "id": "7eb2bade-df0f-41ab-8500-3ee4c42e2f84",
    "data": [
      {
        "text": "qual você tem?",
        "userDefined": false
      }
    ],
    "isTemplate": false,
    "count": 0,
    "lang": "pt-br",
    "updated": 0
  },
  {
    "id": "472e6613-9225-47d2-8de8-5920fd0c49a5",
    "data": [
      {
        "text": "quais tamanhos você tem?",
        "userDefined": false
      }
    ],
    "isTemplate": false,
    "count": 0,
    "lang": "pt-br",
    "updated": 0
  }
]